{
  "timestamp": "2025-08-23T12:57:57.686263",
  "config": {
    "biobert_model": "pritamdeka/BioBERT-mnli-snli-scinli-scitail-mednli-stsb",
    "collection": "DocumentChunk_v2_benchmark",
    "test_documents": 10,
    "test_queries": 10
  },
  "storage": {
    "documents_processed": 10,
    "total_chunks": 10,
    "elapsed_seconds": 0.5471551418304443,
    "docs_per_second": 18.276352053544,
    "chunks_per_second": 18.276352053544,
    "avg_chunks_per_doc": 1.0,
    "avg_storage_time_ms": 54.711008071899414,
    "median_storage_time_ms": 53.47442626953125,
    "memory_start_mb": 204.96875,
    "memory_end_mb": 208.03125,
    "memory_peak_mb": 208.03125,
    "memory_increase_mb": 3.0625
  },
  "search": {
    "total_queries": 30,
    "total_results": 280,
    "elapsed_seconds": 0.28698134422302246,
    "queries_per_second": 104.53641187451555,
    "avg_latency_ms": 9.566044807434082,
    "median_latency_ms": 9.067654609680176,
    "p95_latency_ms": 13.998746871948242,
    "p99_latency_ms": 17.143964767456055,
    "avg_results_per_query": 9.333333333333334,
    "query_breakdown": {
      "biomarker cancer detection sensitivity": {
        "avg_latency_ms": 11.70953114827474,
        "min_latency_ms": 7.62486457824707,
        "max_latency_ms": 13.998746871948242
      },
      "cardiovascular intervention clinical trial": {
        "avg_latency_ms": 10.21726926167806,
        "min_latency_ms": 10.091066360473633,
        "max_latency_ms": 10.396957397460938
      },
      "machine learning drug discovery model": {
        "avg_latency_ms": 10.514338811238607,
        "min_latency_ms": 9.35506820678711,
        "max_latency_ms": 11.113882064819336
      },
      "therapeutic efficacy randomized controlled": {
        "avg_latency_ms": 8.048375447591146,
        "min_latency_ms": 7.401943206787109,
        "max_latency_ms": 8.622169494628906
      },
      "diagnostic accuracy screening protocol": {
        "avg_latency_ms": 10.29531160990397,
        "min_latency_ms": 8.983135223388672,
        "max_latency_ms": 11.198997497558594
      },
      "pharmaceutical artificial intelligence": {
        "avg_latency_ms": 8.566459019978842,
        "min_latency_ms": 7.754087448120117,
        "max_latency_ms": 9.629249572753906
      },
      "molecular structure biological activity": {
        "avg_latency_ms": 8.52052370707194,
        "min_latency_ms": 7.329702377319336,
        "max_latency_ms": 9.611129760742188
      },
      "clinical benefit cardiovascular protection": {
        "avg_latency_ms": 8.316357930501303,
        "min_latency_ms": 6.493091583251953,
        "max_latency_ms": 9.721994400024414
      },
      "computational approach drug development": {
        "avg_latency_ms": 10.70857048034668,
        "min_latency_ms": 6.290912628173828,
        "max_latency_ms": 17.143964767456055
      },
      "biomedical research innovative treatment": {
        "avg_latency_ms": 8.763710657755533,
        "min_latency_ms": 8.516788482666016,
        "max_latency_ms": 9.15217399597168
      }
    }
  },
  "quality": {
    "queries_tested": 3,
    "quality_analysis": [
      {
        "query": "biomarker cancer detection",
        "quality_groups": {
          "0.9": [
            {
              "score": 1.0765690755844117,
              "base_score": 0.987678050994873,
              "quality_boost": 0.09
            },
            {
              "score": 0.0,
              "base_score": 0.0,
              "quality_boost": 0.09
            }
          ],
          "0.8": [
            {
              "score": 1.0756965994834902,
              "base_score": 0.9960153698921204,
              "quality_boost": 0.08
            },
            {
              "score": 0.32792856931686404,
              "base_score": 0.3036375641822815,
              "quality_boost": 0.08
            }
          ],
          "0.6": [
            {
              "score": 1.06,
              "base_score": 1.0,
              "quality_boost": 0.06
            },
            {
              "score": 0.028742561861872674,
              "base_score": 0.027115624397993088,
              "quality_boost": 0.06
            }
          ],
          "0.5": [
            {
              "score": 1.0221677541732788,
              "base_score": 0.9734930992126465,
              "quality_boost": 0.05
            },
            {
              "score": 0.3022645220160484,
              "base_score": 0.28787097334861755,
              "quality_boost": 0.05
            }
          ],
          "0.7": [
            {
              "score": 0.2990966734290123,
              "base_score": 0.2795296013355255,
              "quality_boost": 0.06999999999999999
            },
            {
              "score": 0.015740110334008933,
              "base_score": 0.014710383489727974,
              "quality_boost": 0.06999999999999999
            }
          ]
        },
        "total_results": 10
      },
      {
        "query": "cardiovascular intervention therapy",
        "quality_groups": {
          "0.9": [
            {
              "score": 1.06140451669693,
              "base_score": 0.9737656116485596,
              "quality_boost": 0.09
            },
            {
              "score": 0.026225409861654045,
              "base_score": 0.02406000904738903,
              "quality_boost": 0.09
            }
          ],
          "0.6": [
            {
              "score": 1.06,
              "base_score": 1.0,
              "quality_boost": 0.06
            },
            {
              "score": 0.04164982430636883,
              "base_score": 0.039292287081480026,
              "quality_boost": 0.06
            }
          ],
          "0.7": [
            {
              "score": 1.033578949570656,
              "base_score": 0.9659616351127625,
              "quality_boost": 0.06999999999999999
            },
            {
              "score": 0.009183990294113755,
              "base_score": 0.008583168499171734,
              "quality_boost": 0.06999999999999999
            }
          ],
          "0.5": [
            {
              "score": 0.022128309030085804,
              "base_score": 0.021074580028653145,
              "quality_boost": 0.05
            },
            {
              "score": 0.0,
              "base_score": 0.0,
              "quality_boost": 0.05
            }
          ],
          "0.8": [
            {
              "score": 0.016740778237581255,
              "base_score": 0.015500720590353012,
              "quality_boost": 0.08
            },
            {
              "score": 0.0004197241365909577,
              "base_score": 0.00038863345980644226,
              "quality_boost": 0.08
            }
          ]
        },
        "total_results": 10
      },
      {
        "query": "machine learning drug discovery",
        "quality_groups": {
          "0.7": [
            {
              "score": 1.0650425523519516,
              "base_score": 0.9953668713569641,
              "quality_boost": 0.06999999999999999
            },
            {
              "score": 0.033367831632494925,
              "base_score": 0.031184889376163483,
              "quality_boost": 0.06999999999999999
            }
          ],
          "0.5": [
            {
              "score": 1.05,
              "base_score": 1.0,
              "quality_boost": 0.05
            },
            {
              "score": 0.21215803921222687,
              "base_score": 0.20205527544021606,
              "quality_boost": 0.05
            }
          ],
          "0.8": [
            {
              "score": 1.039851257801056,
              "base_score": 0.9628252387046814,
              "quality_boost": 0.08
            },
            {
              "score": 0.25072330713272095,
              "base_score": 0.23215121030807495,
              "quality_boost": 0.08
            }
          ],
          "0.6": [
            {
              "score": 0.2556559047102928,