{
  "timestamp": "2025-08-23T12:49:54.960082",
  "config": {
    "biobert_model": "pritamdeka/BioBERT-mnli-snli-scinli-scitail-mednli-stsb",
    "collection": "DocumentChunk_v2_benchmark",
    "test_documents": 10,
    "test_queries": 10
  },
  "storage": {
    "documents_processed": 10,
    "total_chunks": 10,
    "elapsed_seconds": 0.7699320316314697,
    "docs_per_second": 12.988159459751547,
    "chunks_per_second": 12.988159459751547,
    "avg_chunks_per_doc": 1.0,
    "avg_storage_time_ms": 76.98936462402344,
    "median_storage_time_ms": 66.50781631469727,
    "memory_start_mb": 204.78125,
    "memory_end_mb": 207.890625,
    "memory_peak_mb": 207.890625,
    "memory_increase_mb": 3.109375
  },
  "search": {
    "total_queries": 30,
    "total_results": 300,
    "elapsed_seconds": 0.27809882164001465,
    "queries_per_second": 107.87532224366466,
    "avg_latency_ms": 9.269960721333822,
    "median_latency_ms": 8.891701698303223,
    "p95_latency_ms": 13.895034790039062,
    "p99_latency_ms": 14.739036560058594,
    "avg_results_per_query": 10,
    "query_breakdown": {
      "biomarker cancer detection sensitivity": {
        "avg_latency_ms": 10.896682739257812,
        "min_latency_ms": 10.032892227172852,
        "max_latency_ms": 11.445045471191406
      },
      "cardiovascular intervention clinical trial": {
        "avg_latency_ms": 8.882761001586914,
        "min_latency_ms": 8.327960968017578,
        "max_latency_ms": 9.50312614440918
      },
      "machine learning drug discovery model": {
        "avg_latency_ms": 10.769128799438477,
        "min_latency_ms": 8.270263671875,
        "max_latency_ms": 14.739036560058594
      },
      "therapeutic efficacy randomized controlled": {
        "avg_latency_ms": 10.11363665262858,
        "min_latency_ms": 7.372140884399414,
        "max_latency_ms": 13.895034790039062
      },
      "diagnostic accuracy screening protocol": {
        "avg_latency_ms": 9.310007095336914,
        "min_latency_ms": 7.919073104858398,
        "max_latency_ms": 11.044740676879883
      },
      "pharmaceutical artificial intelligence": {
        "avg_latency_ms": 8.264541625976562,
        "min_latency_ms": 6.809711456298828,
        "max_latency_ms": 10.176897048950195
      },
      "molecular structure biological activity": {
        "avg_latency_ms": 9.136279424031576,
        "min_latency_ms": 8.327960968017578,
        "max_latency_ms": 10.695934295654297
      },
      "clinical benefit cardiovascular protection": {
        "avg_latency_ms": 7.725000381469727,
        "min_latency_ms": 6.80994987487793,
        "max_latency_ms": 8.636951446533203
      },
      "computational approach drug development": {
        "avg_latency_ms": 8.178234100341797,
        "min_latency_ms": 6.717920303344727,
        "max_latency_ms": 10.1318359375
      },
      "biomedical research innovative treatment": {
        "avg_latency_ms": 9.423335393269857,
        "min_latency_ms": 7.748842239379883,
        "max_latency_ms": 10.749101638793945
      }
    }
  },
  "quality": {
    "queries_tested": 3,
    "quality_analysis": [
      {
        "query": "biomarker cancer detection",
        "quality_groups": {
          "0.9": [
            {
              "score": 1.0765690755844117,
              "base_score": 0.987678050994873,
              "quality_boost": 0.09
            },
            {
              "score": 0.0,
              "base_score": 0.0,
              "quality_boost": 0.09
            }
          ],
          "0.8": [
            {
              "score": 1.0756965994834902,
              "base_score": 0.9960153698921204,
              "quality_boost": 0.08
            },
            {
              "score": 0.32792856931686404,
              "base_score": 0.3036375641822815,
              "quality_boost": 0.08
            }
          ],
          "0.6": [
            {
              "score": 1.06,
              "base_score": 1.0,
              "quality_boost": 0.06
            },
            {
              "score": 0.028742561861872674,
              "base_score": 0.027115624397993088,
              "quality_boost": 0.06
            }
          ],
          "0.5": [
            {
              "score": 1.0221677541732788,
              "base_score": 0.9734930992126465,
              "quality_boost": 0.05
            },
            {
              "score": 0.3022645220160484,
              "base_score": 0.28787097334861755,
              "quality_boost": 0.05
            }
          ],
          "0.7": [
            {
              "score": 0.2990966734290123,
              "base_score": 0.2795296013355255,
              "quality_boost": 0.06999999999999999
            },
            {
              "score": 0.015740110334008933,
              "base_score": 0.014710383489727974,
              "quality_boost": 0.06999999999999999
            }
          ]
        },
        "total_results": 10
      },
      {
        "query": "cardiovascular intervention therapy",
        "quality_groups": {
          "0.9": [
            {
              "score": 1.06140451669693,
              "base_score": 0.9737656116485596,
              "quality_boost": 0.09
            },
            {
              "score": 0.026225409861654045,
              "base_score": 0.02406000904738903,
              "quality_boost": 0.09
            }
          ],
          "0.6": [
            {
              "score": 1.06,
              "base_score": 1.0,
              "quality_boost": 0.06
            },
            {
              "score": 0.04164982430636883,
              "base_score": 0.039292287081480026,
              "quality_boost": 0.06
            }
          ],
          "0.7": [
            {
              "score": 1.033578949570656,
              "base_score": 0.9659616351127625,
              "quality_boost": 0.06999999999999999
            },
            {
              "score": 0.009183990294113755,
              "base_score": 0.008583168499171734,
              "quality_boost": 0.06999999999999999
            }
          ],
          "0.5": [
            {
              "score": 0.022128309030085804,
              "base_score": 0.021074580028653145,
              "quality_boost": 0.05
            },
            {
              "score": 0.0,
              "base_score": 0.0,
              "quality_boost": 0.05
            }
          ],
          "0.8": [
            {
              "score": 0.016740778237581255,
              "base_score": 0.015500720590353012,
              "quality_boost": 0.08
            },
            {
              "score": 0.0004197241365909577,
              "base_score": 0.00038863345980644226,
              "quality_boost": 0.08
            }
          ]
        },
        "total_results": 10
      },
      {
        "query": "machine learning drug discovery",
        "quality_groups": {
          "0.7": [
            {
              "score": 1.0650425523519516,
              "base_score": 0.9953668713569641,
              "quality_boost": 0.06999999999999999
            },
            {
              "score": 0.033367831632494925,
              "base_score": 0.031184889376163483,
              "quality_boost": 0.06999999999999999
            }
          ],
          "0.5": [
            {
              "score": 1.05,
              "base_score": 1.0,
              "quality_boost": 0.05
            },
            {
              "score": 0.21215803921222687,
              "base_score": 0.20205527544021606,
              "quality_boost": 0.05
            }
          ],
          "0.8": [
            {
              "score": 1.039851257801056,
              "base_score": 0.9628252387046814,
              "quality_boost": 0.08
            },
            {
              "score": 0.25072330713272095,
              "base_score": 0.23215121030807495,
              "quality_boost": 0.08
            }
          ],
          "0.6": [
            {
              "score": 0.2556559047102928,