{
  "timestamp": "2025-08-23T14:12:54.226220",
  "config": {
    "biobert_model": "pritamdeka/BioBERT-mnli-snli-scinli-scitail-mednli-stsb",
    "collection": "DocumentChunk_v2_benchsimple"
  },
  "results": {
    "storage": {
      "iterations": 10,
      "mean_ms": 97.76172080310062,
      "min_ms": 75.78241697046906,
      "max_ms": 140.6337910448201,
      "ops_per_sec": 10.228952516231526,
      "measurements": [
        121.48812500527129,
        140.6337910448201,
        111.78316699806601,
        113.1485840305686,
        75.78241697046906,
        79.20991600258276,
        81.87966700643301,
        82.38220796920359,
        93.75333302887157,
        77.55599997472018
      ]
    },
    "search": {
      "iterations": 50,
      "mean_ms": 10.62874757568352,
      "min_ms": 6.746416969690472,
      "max_ms": 50.46587501419708,
      "queries_per_sec": 94.08446224537339,
      "measurements": [
        10.747583990450948,
        6.746416969690472,
        6.975417025387287,
        7.965166994836181,
        9.373084001708776,
        7.666999998036772,
        7.986082986462861,
        10.096332989633083,
        10.132208000868559,
        7.851832953747362,
        9.827458008658141,
        12.523041979875416,
        9.374000015668571,
        8.936124970205128,
        7.747749972622842,
        8.181167009752244,
        10.32641698839143,
        9.152500017080456,
        7.035167014691979,
        8.133124967571348,
        12.326500029303133,
        8.416083990596235,
        13.040332996752113,
        8.325916016474366,
        11.37087499955669,
        9.16187500115484,
        8.637874969281256,
        7.908333034720272,
        7.821124978363514,
        8.002750051673502,
        10.67816698923707,
        50.46587501419708,
        48.23895898880437,
        8.749542001169175,
        8.596165978815407,
        7.3535420233383775,
        12.074875005055219,
        7.171207980718464,
        9.498915984295309,
        7.4121670331805944,
        7.5301670003682375,
        8.819707960356027,
        8.511708991136402,
        9.336917020846158,
        8.093916985671967,
        8.208541956264526,
        8.22333397809416,
        7.760083011817187,
        13.248250004835427,
        9.675791952759027
      ]
    },
    "filtered_search": {
      "iterations": 30,
      "mean_ms": 15.036187538256248,
      "min_ms": 7.398999994620681,
      "max_ms": 47.48466704040766,
      "queries_per_sec": 66.50622024071737,
      "measurements": [
        12.59933301480487,
        8.072666998486966,
        7.712166989222169,
        26.870040979702026,
        7.398999994620681,
        19.90474999183789,
        8.06541700148955,
        8.13608302269131,
        9.542167012114078,
        8.355666999705136,
        8.035540988203138,
        12.458832992706448,
        34.21050001634285,
        35.75487498892471,
        37.0264159864746,
        47.48466704040766,
        30.799041967839003,
        10.686749999877065,
        11.89095905283466,
        8.891333010978997,
        10.337125044316053,
        10.499584022909403,
        10.416166973300278,
        9.460875007789582,
        8.331416000146419,
        13.009875023271888,
        9.918417024891824,
        8.74070799909532,
        8.645709021948278,
        7.829541980754584
      ]
    }
  },
  "requirements_met": false
}