{
  "timestamp": "2025-08-23T14:04:49.044745",
  "config": {
    "biobert_model": "pritamdeka/BioBERT-mnli-snli-scinli-scitail-mednli-stsb",
    "collection": "DocumentChunk_v2_benchsimple"
  },
  "results": {
    "storage": {
      "iterations": 10,
      "mean_ms": 86.46376669639722,
      "min_ms": 79.0370000177063,
      "max_ms": 118.94154199399054,
      "ops_per_sec": 11.565538238824704,
      "measurements": [
        79.0370000177063,
        82.18274998944253,
        79.23437497811392,
        81.94208395434543,
        118.94154199399054,
        87.15237496653572,
        80.17604099586606,
        81.02045801933855,
        93.76395802246407,
        81.18708402616903
      ]
    },
    "search": {
      "iterations": 50,
      "mean_ms": 9.12257912219502,
      "min_ms": 7.017416995950043,
      "max_ms": 13.987541024107486,
      "queries_per_sec": 109.61812296777164,
      "measurements": [
        8.64595896564424,
        9.824916021898389,
        7.017416995950043,
        8.256125031039119,
        7.228082977235317,
        8.816666027996689,
        8.476082992274314,
        8.863499970175326,
        8.489500032737851,
        8.9988749823533,
        9.600040968507528,
        13.13895802013576,
        8.085125009529293,
        7.840000034775585,
        9.402042021974921,
        9.731541969813406,
        8.32037499640137,
        7.752833014819771,
        11.119334027171135,
        13.987541024107486,
        7.338208029977977,
        7.861417019739747,
        7.214958022814244,
        10.985166998580098,
        10.51945803919807,
        10.126999986823648,
        8.165750012267381,
        10.391916963271797,
        8.971375005785376,
        9.479040978476405,
        8.078874961938709,
        10.423625004477799,
        7.345375022850931,
        8.276499982457608,
        8.640540996566415,
        9.324417042080313,
        10.360624990426004,
        8.111834002193063,
        8.430250047240406,
        7.740375003777444,
        10.960415995214134,
        10.162333957850933,
        8.418874989729375,
        7.833708019461483,
        8.34300002316013,
        8.669041970279068,
        9.42091696197167,
        10.713124996982515,
        9.8697500070557,
        10.356165992561728
      ]
    },
    "filtered_search": {
      "iterations": 30,
      "mean_ms": 9.620030528943365,
      "min_ms": 7.537249999586493,
      "max_ms": 19.376000040210783,
      "queries_per_sec": 103.94977406686431,
      "measurements": [
        7.537249999586493,
        9.197665960527956,
        10.679209022782743,
        12.608541001100093,
        9.55666700610891,
        8.86970799183473,
        9.495082951616496,
        7.955209002830088,
        9.98616695869714,
        9.932874992955476,
        8.563458977732807,
        19.376000040210783,
        8.60274996375665,
        9.8714170162566,
        12.460875033866614,
        10.21033397410065,
        9.066625032573938,
        7.575915951747447,
        9.154666040558368,
        7.943625038024038,
        9.07662499230355,
        8.442167018074542,
        7.688124955166131,
        10.246124991681427,
        10.784415993839502,
        7.548500027041882,
        7.617875002324581,
        9.960624971427023,
        7.898707990534604,
        10.693707969039679
      ]
    }
  },
  "requirements_met": false
}