{
  "timestamp": "2025-08-23T14:08:38.348194",
  "config": {
    "biobert_model": "pritamdeka/BioBERT-mnli-snli-scinli-scitail-mednli-stsb",
    "collection": "DocumentChunk_v2_benchsimple"
  },
  "results": {
    "storage": {
      "iterations": 10,
      "mean_ms": 119.54965007607825,
      "min_ms": 77.13416701881215,
      "max_ms": 175.77787494519725,
      "ops_per_sec": 8.364725445566979,
      "measurements": [
        123.0074999621138,
        157.7749999705702,
        77.13416701881215,
        88.33883295301348,
        167.32249996857718,
        111.3719170098193,
        81.52166695799679,
        133.14999995054677,
        175.77787494519725,
        80.09704202413559
      ]
    },
    "search": {
      "iterations": 50,
      "mean_ms": 15.216101619880646,
      "min_ms": 7.056499947793782,
      "max_ms": 41.147584037389606,
      "queries_per_sec": 65.71985551762133,
      "measurements": [
        10.171249974519014,
        14.946957991924137,
        27.14520797599107,
        28.588458022568375,
        27.13908295845613,
        26.44020802108571,
        10.276917018927634,
        41.147584037389606,
        10.88316598907113,
        7.577583019156009,
        7.830040995031595,
        8.629541960544884,
        7.9337499919347465,
        28.85104197775945,
        26.654332992620766,
        26.70762501657009,
        25.669583003036678,
        9.019499993883073,
        8.204000012483448,
        8.588000026065856,
        8.396334014832973,
        8.261083043180406,
        7.869459048379213,
        9.074124973267317,
        8.60133400419727,
        12.190625013317913,
        25.650667026638985,
        7.220082974527031,
        7.8971670009195805,
        10.472125024534762,
        7.939375005662441,
        7.85266695311293,
        10.223249963019043,
        9.556334000080824,
        8.271333004813641,
        31.444124993868172,
        26.56425000168383,
        29.2561249807477,
        26.561582984868437,
        7.596250041387975,
        8.078332990407944,
        7.9141659662127495,
        7.056499947793782,
        19.893833028618246,
        14.984458044636995,
        9.227915958035737,
        29.017082997597754,
        16.46962499944493,
        7.278417004272342,
        7.582625024951994
      ]
    },
    "filtered_search": {
      "iterations": 30,
      "mean_ms": 14.625819434877485,
      "min_ms": 6.940792023669928,
      "max_ms": 36.04012500727549,
      "queries_per_sec": 68.37223749770548,
      "measurements": [
        8.644166984595358,
        7.77700002072379,
        9.323832986410707,
        10.404417000245303,
        7.334708992857486,
        29.685665969736874,
        27.232250024098903,
        26.46141598233953,
        27.49929198762402,
        26.268667017575353,
        25.5414160201326,
        6.940792023669928,
        7.277624972630292,
        8.61925003118813,
        11.11200003651902,
        18.358916975557804,
        8.279874979052693,
        12.241207994520664,
        13.150084007065743,
        9.718667017295957,
        7.508333015721291,
        8.29004100523889,
        13.516000006347895,
        28.51424994878471,
        8.515959023497999,
        8.350083022378385,
        7.168082986027002,
        9.891875030007213,
        9.108582977205515,
        36.04012500727549
      ]
    }
  },
  "requirements_met": false
}