{
  "timestamp": "2025-08-23T14:08:11.210459",
  "config": {
    "biobert_model": "pritamdeka/BioBERT-mnli-snli-scinli-scitail-mednli-stsb",
    "collection": "DocumentChunk_v2_benchsimple"
  },
  "results": {
    "storage": {
      "iterations": 10,
      "mean_ms": 210.19523770082742,
      "min_ms": 90.69562499644235,
      "max_ms": 357.61100001400337,
      "ops_per_sec": 4.757481715277051,
      "measurements": [
        353.14933402696624,
        199.83920897357166,
        151.77799999946728,
        138.06012499844655,
        90.69562499644235,
        115.5760419787839,
        265.01520903548226,
        357.61100001400337,
        257.9427500022575,
        172.28508298285306
      ]
    },
    "search": {
      "iterations": 50,
      "mean_ms": 29.50115332263522,
      "min_ms": 7.2184999589808285,
      "max_ms": 91.13616694230586,
      "queries_per_sec": 33.89697985918179,
      "measurements": [
        10.45387500198558,
        8.908000017981976,
        7.2184999589808285,
        7.351000036578625,
        11.856500001158565,
        15.401042008306831,
        9.298457996919751,
        7.505749992560595,
        11.3110410165973,
        10.7254579779692,
        32.64604200376198,
        20.938916015438735,
        28.39970897184685,
        35.884707991499454,
        36.80795797845349,
        37.58479101816192,
        34.57633400103077,
        46.73304199241102,
        65.03204203909263,
        41.14845802541822,
        51.51537503115833,
        65.05354202818125,
        81.35829196544364,
        91.13616694230586,
        55.08162500336766,
        49.89924997789785,
        54.44912501843646,
        68.07379197562113,
        30.08295805193484,
        40.65779101802036,
        35.189125046599656,
        10.291250015143305,
        32.26137498859316,
        26.00862499093637,
        9.573124989401549,
        9.611750021576881,
        11.427792022004724,
        8.84337502066046,
        9.206416958477348,
        11.043375008739531,
        8.112540992442518,
        9.689583966974169,
        10.859208006877452,
        8.309958036988974,
        38.89079100918025,
        39.774624980054796,
        35.693334008101374,
        23.956332996021956,
        34.6959590096958,
        34.52958300476894
      ]
    },
    "filtered_search": {
      "iterations": 30,
      "mean_ms": 29.84800836420618,
      "min_ms": 6.6419580252841115,
      "max_ms": 92.80924999620765,
      "queries_per_sec": 33.50307289511494,
      "measurements": [
        37.373541039414704,
        11.614499962888658,
        8.884499955456704,
        70.33916696673259,
        75.33858303213492,
        92.80924999620765,
        64.73758298670873,
        51.35700001846999,
        55.61641702661291,
        52.72916698595509,
        47.418750007636845,
        8.855708001647145,
        14.580416958779097,
        31.260124989785254,
        18.84974999120459,
        6.6419580252841115,
        16.40312501695007,
        32.000834005884826,
        26.71208296669647,
        23.248417011927813,
        10.555875021964312,
        9.876292024273425,
        24.078417045529932,
        7.436541956849396,
        8.170541957952082,
        9.390291990712285,
        17.820124980062246,
        33.03012502146885,
        12.100082996767014,
        16.211082984227687
      ]
    }
  },
  "requirements_met": false
}